date,open,high,low,close,adjusted_close,volume
2024-09-27,124.66999816894531,124.86000061035156,123.94999694824219,124.26000213623047,120.07687377929688,837100
2024-09-30,124.0999984741211,125.11000061035156,123.93000030517578,124.7300033569336,120.53105163574219,543700
2024-10-01,124.86000061035156,125.27999877929688,122.9000015258789,123.80000305175781,119.63235473632812,597200
2024-10-02,123.98999786376953,124.2300033569336,122.76000213623047,122.88999938964844,118.75299072265625,536100
2024-10-03,122.51000213623047,122.54000091552734,120.95999908447266,121.38999938964844,117.3034896850586,765700
2024-10-04,121.79000091552734,122.41999816894531,121.58999633789062,122.41999816894531,118.29881286621094,527000
2024-10-07,122.22000122070312,122.61000061035156,121.01000213623047,121.76000213623047,117.6610336303711,975500
2024-10-08,121.51000213623047,122.0199966430664,120.94000244140625,121.80999755859375,117.70933532714844,521900
2024-10-09,121.62000274658203,122.55999755859375,121.4000015258789,122.2699966430664,118.15386199951172,1022700
2024-10-10,122.05000305175781,122.45999908447266,120.4000015258789,121.47000122070312,117.38079071044922,1995600
2024-10-11,121.75,123.94999694824219,121.75,123.79000091552734,119.62268829345703,1973800
2024-10-14,123.69999694824219,123.88999938964844,123.16999816894531,123.43000030517578,119.2748031616211,473300
2024-10-15,123.20999908447266,124.95999908447266,122.88999938964844,124.41000366210938,120.2218246459961,725800
2024-10-16,124.62999725341797,126.55000305175781,124.52999877929688,126.11000061035156,121.86458587646484,775000
2024-10-17,125.4800033569336,126.95999908447266,125.4800033569336,126.47000122070312,122.21247100830078,927800
2024-10-18,126.2699966430664,126.5999984741211,125.06999969482422,126.05000305175781,121.80661010742188,2787500
2024-10-21,125.97000122070312,126.01000213623047,124.41000366210938,124.98999786376953,120.78229522705078,423300
2024-10-22,124.55000305175781,125.30999755859375,124.12999725341797,125.08999633789062,120.87892150878906,6284800
2024-10-23,124.5999984741211,125.37000274658203,124.4800033569336,125.18000030517578,120.96590423583984,563400
2024-10-24,123.83000183105469,124.69999694824219,122.83000183105469,123.52999877929688,120.35791778564453,1294000
2024-10-25,124.0,124.36000061035156,122.44000244140625,122.45999908447266,119.31539916992188,3608400
2024-10-28,122.44999694824219,124.45999908447266,122.44999694824219,124.02999877929688,120.84507751464844,731600
2024-10-29,123.73999786376953,124.44999694824219,123.0,123.47000122070312,120.2994613647461,659100
2024-10-30,123.27999877929688,124.04000091552734,122.86000061035156,123.58000183105469,120.40663146972656,851300
2024-10-31,123.1500015258789,123.37000274658203,120.81999969482422,120.88999938964844,117.78570556640625,911900
2024-11-01,121.69999694824219,122.1500015258789,121.0999984741211,121.79000091552734,118.66259765625,713300
2024-11-04,121.88999938964844,122.9000015258789,121.12999725341797,122.2699966430664,119.1302719116211,1023700
2024-11-05,122.66999816894531,123.45999908447266,122.1500015258789,123.1500015258789,119.98767852783203,648900
2024-11-06,123.98999786376953,124.2300033569336,121.81999969482422,122.72000122070312,119.56871795654297,1111400
2024-11-07,123.4800033569336,124.75,123.41999816894531,124.55000305175781,121.35173034667969,1271200
2024-11-08,124.08000183105469,124.08000183105469,122.87999725341797,123.62999725341797,120.4553451538086,425400
2024-11-11,124.08000183105469,124.79000091552734,123.87000274658203,124.04000091552734,120.85482025146484,503400
2024-11-12,124.37000274658203,124.37000274658203,123.04000091552734,123.88999938964844,120.70867919921875,2361600
2024-11-13,123.9000015258789,123.9000015258789,122.79000091552734,123.1500015258789,119.98767852783203,926700
2024-11-14,123.2699966430664,123.3499984741211,122.2300033569336,122.38999938964844,119.2471923828125,3808700
2024-11-15,121.2300033569336,121.80000305175781,120.26000213623047,121.47000122070312,118.35081481933594,1968000
2024-11-18,121.25,122.48999786376953,121.0,122.43000030517578,119.28616333007812,3239300
2024-11-19,121.7300033569336,122.94999694824219,121.33000183105469,122.9000015258789,119.74409484863281,360300
2024-11-20,122.8499984741211,122.9800033569336,121.22000122070312,121.79000091552734,118.66259765625,457100
2024-11-21,122.45999908447266,125.12999725341797,122.20999908447266,125.08999633789062,121.87785339355469,788200
2024-11-22,125.19000244140625,125.44999694824219,124.58000183105469,125.08000183105469,121.86811828613281,682100
2024-11-25,125.30000305175781,125.61000061035156,124.22000122070312,124.31999969482422,121.12762451171875,953300
2024-11-26,123.19999694824219,124.33999633789062,122.5,124.1500015258789,120.96199798583984,540800
2024-11-27,123.95999908447266,125.69999694824219,123.9000015258789,125.2699966430664,122.05323791503906,1399700
2024-11-29,125.06999969482422,125.81999969482422,124.83999633789062,125.66999816894531,122.44296264648438,256700
2024-12-02,125.48999786376953,125.87999725341797,124.2300033569336,125.12000274658203,121.90708923339844,1279000
2024-12-03,125.12999725341797,125.9000015258789,124.44000244140625,124.73999786376953,121.5368423461914,755800
2024-12-04,126.2699966430664,128.0399932861328,125.05999755859375,125.36000061035156,122.14093017578125,1141500
2024-12-05,125.37000274658203,128.0500030517578,125.29000091552734,128.02000427246094,124.73262786865234,778400
2024-12-06,127.6500015258789,128.00999450683594,125.83999633789062,126.05000305175781,122.8132095336914,820400
2024-12-09,125.94999694824219,126.5199966430664,125.29000091552734,125.95999908447266,122.72551727294922,689900
2024-12-10,126.19999694824219,126.61000061035156,125.58999633789062,125.91999816894531,122.6865463256836,607800
2024-12-11,126.12999725341797,126.93000030517578,125.97000122070312,126.04000091552734,122.803466796875,399600
2024-12-12,125.63999938964844,126.05999755859375,124.68000030517578,124.68000030517578,121.47838592529297,371600
2024-12-13,125.0,125.0,123.94999694824219,124.5,121.3030014038086,437000
2024-12-16,124.22000122070312,124.91000366210938,124.05000305175781,124.41000366210938,121.21532440185547,815600
2024-12-17,123.43000030517578,124.36000061035156,123.33000183105469,123.69999694824219,120.52355194091797,406800
2024-12-18,123.6500015258789,123.6500015258789,119.56999969482422,119.83999633789062,116.76266479492188,2656900
2024-12-19,121.11000061035156,121.3499984741211,119.69000244140625,119.72000122070312,116.64575958251953,1566700
2024-12-20,119.56999969482422,121.54000091552734,118.7300033569336,120.72000122070312,117.62007141113281,1008900
2024-12-23,120.19000244140625,120.72000122070312,119.77999877929688,120.72000122070312,117.62007141113281,756500
2024-12-24,120.69000244140625,120.8499984741211,120.33000183105469,120.73999786376953,117.63955688476562,282600
2024-12-26,120.37999725341797,121.33000183105469,120.37999725341797,121.08000183105469,117.97083282470703,281800
2024-12-27,120.45999908447266,121.2300033569336,120.31999969482422,120.87999725341797,117.77596282958984,356000
2024-12-30,120.08000183105469,120.9000015258789,119.63999938964844,120.54000091552734,117.44469451904297,478700
2024-12-31,120.58000183105469,121.05999755859375,120.23999786376953,120.51000213623047,117.41546630859375,735800
2025-01-02,120.0999984741211,120.91000366210938,119.05000305175781,119.68000030517578,116.60678100585938,967000
2025-01-03,119.9000015258789,120.5199966430664,119.02999877929688,120.43000030517578,117.33751678466797,481700
2025-01-06,121.76000213623047,122.19999694824219,120.70999908447266,121.55999755859375,118.4384994506836,670800
2025-01-07,122.30000305175781,123.16999816894531,121.29000091552734,121.33000183105469,118.21441650390625,938900
2025-01-08,120.91999816894531,121.86000061035156,120.31999969482422,121.66999816894531,118.5456771850586,663100
2025-01-10,121.0,121.04000091552734,118.04000091552734,118.41999816894531,115.37913513183594,731200
2025-01-13,118.04000091552734,118.94000244140625,117.80000305175781,118.7699966430664,115.72014617919922,1761700
2025-01-14,118.94000244140625,118.95999908447266,117.62999725341797,118.62999725341797,115.58374786376953,2009800
2025-01-15,120.0,120.1500015258789,119.08999633789062,119.77999877929688,116.70420837402344,2063500
2025-01-16,119.7699966430664,120.16999816894531,119.01000213623047,120.08000183105469,116.99651336669922,908500
2025-01-17,120.36000061035156,120.73999786376953,120.0199966430664,120.54000091552734,117.44469451904297,1588800
2025-01-21,120.66999816894531,122.47000122070312,120.41000366210938,122.23999786376953,119.10104370117188,1340000
2025-01-22,122.55999755859375,122.55999755859375,120.63999938964844,121.0199966430664,117.9123764038086,1069100
2025-01-23,121.41999816894531,122.5,121.41999816894531,122.08000183105469,118.94515991210938,2672600
2025-01-24,122.5199966430664,122.8499984741211,122.12000274658203,122.61000061035156,119.46154022216797,2616300
2025-01-27,121.0,122.73999786376953,120.80999755859375,122.62000274658203,120.48541259765625,2188000
2025-01-28,122.20999908447266,123.44999694824219,122.11000061035156,123.11000061035156,120.96687316894531,986600
2025-01-29,122.62999725341797,123.0,121.70999908447266,122.04000091552734,119.9155044555664,761900
2025-01-30,122.6500015258789,124.3499984741211,122.33000183105469,123.4000015258789,121.25182342529297,764900
2025-01-31,123.23999786376953,123.9000015258789,121.88999938964844,121.93000030517578,119.80741882324219,871800
2025-02-03,117.4000015258789,120.16999816894531,116.51000213623047,118.80999755859375,116.74172973632812,1663400
2025-02-04,120.95999908447266,121.43000030517578,118.29000091552734,118.69000244140625,116.62381744384766,925700
2025-02-05,119.19999694824219,119.45999908447266,118.0,119.06999969482422,116.99720001220703,697000
2025-02-06,119.2300033569336,119.7300033569336,118.77999877929688,119.44000244140625,117.36076354980469,646900
2025-02-07,119.66000366210938,119.75,118.5,119.31999969482422,117.24285125732422,1270700
2025-02-10,119.0999984741211,119.63999938964844,117.91000366210938,117.98999786376953,115.93599700927734,1155500
2025-02-11,117.76000213623047,118.69000244140625,117.0199966430664,118.44000244140625,116.378173828125,544500
2025-02-12,117.56999969482422,118.4800033569336,117.20999908447266,118.37000274658203,116.30938720703125,436500
2025-02-13,118.44999694824219,119.45999908447266,118.0999984741211,119.30999755859375,117.23302459716797,1396200
2025-02-14,119.79000091552734,120.08999633789062,118.91000366210938,119.04000091552734,116.96772766113281,1492800
2025-02-18,118.80999755859375,121.0,118.7699966430664,120.88999938964844,118.78551483154297,2186300
2025-02-19,120.23999786376953,120.56999969482422,119.16000366210938,120.55000305175781,118.4514389038086,1468200
2025-02-20,120.55000305175781,121.02999877929688,119.08999633789062,119.66000366210938,117.57693481445312,663500
2025-02-21,119.79000091552734,119.91999816894531,118.76000213623047,118.87999725341797,116.81050872802734,2170000
2025-02-24,119.38999938964844,119.69000244140625,118.37000274658203,118.56999969482422,116.50590515136719,1086200
2025-02-25,120.0,120.88999938964844,118.73999786376953,119.29000091552734,117.21337127685547,1364400
2025-02-26,119.37999725341797,119.95999908447266,118.6500015258789,119.4800033569336,117.40007019042969,1160800
2025-02-27,119.19999694824219,119.95999908447266,113.7300033569336,115.20999908447266,113.20439910888672,2238000
2025-02-28,115.81999969482422,118.25,115.22000122070312,118.16999816894531,116.11286926269531,1123800
2025-03-03,118.0,119.45999908447266,115.83999633789062,116.8499984741211,114.81584930419922,1320000
2025-03-04,115.41999816894531,115.58000183105469,112.18000030517578,112.58999633789062,110.6300048828125,1304600
2025-03-05,113.56999969482422,115.93000030517578,113.20999908447266,115.12999725341797,113.12578582763672,2040900
2025-03-06,114.55999755859375,116.37000274658203,113.87000274658203,114.23999786376953,112.25128173828125,920100
2025-03-07,113.61000061035156,115.44000244140625,113.31999969482422,115.06999969482422,113.06684112548828,789300
2025-03-10,113.05000305175781,114.25,112.13999938964844,112.98999786376953,111.02304077148438,665200
2025-03-11,112.52999877929688,113.02999877929688,110.12999725341797,110.33000183105469,108.40935516357422,1371600
2025-03-12,111.04000091552734,111.62000274658203,110.37999725341797,111.27999877929688,109.34281158447266,1005300
2025-03-13,110.94999694824219,111.16999816894531,108.76000213623047,108.80999755859375,106.91580963134766,2254500
2025-03-14,109.75,111.66999816894531,109.56999969482422,111.48999786376953,109.54915618896484,1446300
2025-03-17,111.62999725341797,113.19000244140625,111.22000122070312,112.72000122070312,110.75775146484375,1283500
2025-03-18,113.04000091552734,113.06999969482422,111.7699966430664,112.4800033569336,110.52192687988281,692400
2025-03-19,112.61000061035156,114.43000030517578,112.25,114.22000122070312,112.23163604736328,990800
2025-03-20,113.25,114.18000030517578,112.45999908447266,113.80999755859375,111.82876586914062,613100
2025-03-21,112.69000244140625,114.01000213623047,112.68000030517578,113.5999984741211,111.62242889404297,758400
2025-03-24,114.25,116.2699966430664,114.19999694824219,115.91000366210938,113.89221954345703,739000
2025-03-25,117.08999633789062,117.33000183105469,116.08999633789062,116.6500015258789,114.61933135986328,704200
2025-03-26,117.02999877929688,117.69000244140625,115.81999969482422,116.2699966430664,114.24594116210938,748200
2025-03-27,115.91000366210938,116.6500015258789,114.30000305175781,114.70999908447266,112.71310424804688,708600
2025-03-28,114.5999984741211,114.86000061035156,111.9800033569336,112.13999938964844,110.1878433227539,843300
2025-03-31,111.23999786376953,113.20999908447266,111.02999877929688,112.72000122070312,110.75775146484375,840000
2025-04-01,112.2300033569336,113.70999908447266,110.7300033569336,113.6500015258789,111.67155456542969,828600
2025-04-02,113.08000183105469,114.72000122070312,112.38999938964844,114.72000122070312,112.72293090820312,856700
2025-04-03,113.76000213623047,117.80000305175781,113.69999694824219,115.11000061035156,113.10614013671875,1831300
2025-04-04,112.51000213623047,113.7300033569336,110.04000091552734,110.91000366210938,108.97926330566406,2439400
2025-04-07,106.20999908447266,112.11000061035156,106.0999984741211,109.16999816894531,107.26953887939453,2057400
2025-04-08,111.97000122070312,112.33000183105469,107.72000122070312,108.36000061035156,106.47364807128906,4374000
2025-04-09,107.95999908447266,114.01000213623047,106.8499984741211,113.7300033569336,111.75016784667969,4105800
2025-04-10,113.44999694824219,113.44999694824219,108.93000030517578,109.94999694824219,108.03596496582031,1562400
2025-04-11,110.6500015258789,113.62999725341797,110.13999938964844,113.2699966430664,111.29816436767578,1186700
2025-04-14,114.68000030517578,115.51000213623047,113.43000030517578,115.37999725341797,113.3714370727539,1175400
2025-04-15,115.5,116.61000061035156,115.0199966430664,115.20999908447266,113.20439910888672,2162600
2025-04-16,115.20999908447266,116.23999786376953,114.25,115.62000274658203,113.60726165771484,935000
2025-04-17,115.52999877929688,116.70999908447266,115.44999694824219,116.23999786376953,114.21646881103516,1090900
2025-04-21,116.0,116.5999984741211,114.62999725341797,115.20999908447266,113.20439910888672,600100
2025-04-22,115.81999969482422,117.97000122070312,115.41000366210938,117.97000122070312,115.91635131835938,5486100
2025-04-23,119.2699966430664,119.86000061035156,117.41000366210938,117.79000091552734,115.73948669433594,1099700
2025-04-24,117.69000244140625,117.72000122070312,116.33999633789062,117.66999816894531,116.67750549316406,973600
2025-04-25,117.55000305175781,118.0199966430664,116.77999877929688,117.76000213623047,116.76675415039062,787300
2025-04-28,117.80000305175781,118.68000030517578,117.68000030517578,118.58000183105469,117.579833984375,1006200
2025-04-29,118.47000122070312,119.9000015258789,118.38999938964844,119.9000015258789,118.88870239257812,789200
2025-04-30,118.91999816894531,120.11000061035156,117.43000030517578,119.87999725341797,118.86886596679688,841500
2025-05-01,119.81999969482422,120.66000366210938,119.5,120.0199966430664,119.00768280029297,721400
2025-05-02,121.36000061035156,121.7300033569336,120.79000091552734,121.2699966430664,120.24713897705078,863900
2025-05-05,121.13999938964844,121.55999755859375,120.7300033569336,120.97000122070312,119.94967651367188,520000
2025-05-06,120.80999755859375,121.2300033569336,120.08000183105469,120.16000366210938,119.1465072631836,605900
2025-05-07,120.02999877929688,120.95999908447266,119.93000030517578,120.19000244140625,119.17625427246094,692900
2025-05-08,120.30000305175781,121.20999908447266,119.58999633789062,119.83000183105469,118.81929016113281,2021300
2025-05-09,120.62000274658203,120.62000274658203,119.7699966430664,120.27999877929688,119.26549530029297,1540200
2025-05-12,121.04000091552734,121.36000061035156,120.31999969482422,120.86000061035156,119.8405990600586,2322700
2025-05-13,121.30000305175781,121.9000015258789,120.66000366210938,121.80000305175781,120.77267456054688,821000
2025-05-14,122.2699966430664,122.66000366210938,121.61000061035156,122.52999877929688,121.49651336669922,1180300
2025-05-15,122.5,124.87999725341797,122.5,124.77999877929688,123.7275390625,1727500
2025-05-16,125.0,126.05000305175781,124.66999816894531,125.81999969482422,124.7587661743164,2305400
2025-05-19,125.55000305175781,127.44000244140625,125.20999908447266,127.13999938964844,126.06763458251953,940100
2025-05-20,127.0,127.4800033569336,126.26000213623047,126.4800033569336,125.41320037841797,1619900
2025-05-21,126.23999786376953,126.69000244140625,125.69999694824219,125.81999969482422,124.7587661743164,1104100
2025-05-22,125.66000366210938,127.0,124.87000274658203,126.5199966430664,125.4528579711914,1211100
2025-05-23,126.44000244140625,128.72999572753906,126.06999969482422,128.42999267578125,127.34674835205078,1355500
2025-05-27,128.30999755859375,129.4199981689453,128.02999877929688,128.86000061035156,127.77312469482422,1344900
2025-05-28,128.42999267578125,129.4600067138672,128.41000366210938,128.94000244140625,127.85245513916016,1044500
2025-05-29,128.6699981689453,128.75,124.2699966430664,125.0,123.94568634033203,2218100
2025-05-30,124.87999725341797,127.16999816894531,124.19000244140625,126.66000366210938,125.59168243408203,1359800
2025-06-02,126.2699966430664,127.95999908447266,126.22000122070312,127.87000274658203,126.7914810180664,1063100
2025-06-03,127.76000213623047,128.32000732421875,127.41999816894531,127.48999786376953,126.41468048095703,1023900
2025-06-04,127.77999877929688,127.9800033569336,127.19999694824219,127.37000274658203,126.29569244384766,800500
2025-06-05,128.27000427246094,128.5,126.91000366210938,126.95999908447266,125.88915252685547,895000
2025-06-06,127.5,128.13999938964844,127.30999755859375,127.52999877929688,126.454345703125,885900
2025-06-09,127.29000091552734,127.81999969482422,127.0999984741211,127.61000061035156,126.5336685180664,1050000
2025-06-10,128.00999450683594,128.35000610351562,127.69999694824219,128.30999755859375,127.2277603149414,1022900
2025-06-11,128.7899932861328,129.0399932861328,127.86000061035156,127.87999725341797,126.8013916015625,670900
2025-06-12,128.33999633789062,128.8699951171875,128.08999633789062,128.82000732421875,127.73346710205078,541600
2025-06-13,128.02000427246094,128.6199951171875,127.3499984741211,127.75,126.6724853515625,783800
2025-06-16,128.58999633789062,130.0,128.24000549316406,128.8800048828125,127.79296112060547,811400
2025-06-17,128.6300048828125,129.02999877929688,127.69000244140625,127.98999786376953,126.91046142578125,566400
2025-06-18,128.39999389648438,128.86000061035156,127.9800033569336,128.07000732421875,126.98979949951172,719800
2025-06-20,128.74000549316406,128.94000244140625,127.1500015258789,127.29000091552734,126.21636962890625,840200
2025-06-23,126.80000305175781,127.22000122070312,126.0199966430664,127.19000244140625,126.1172103881836,912800
2025-06-24,127.98999786376953,129.0,127.9000015258789,128.32000732421875,127.23768615722656,1085700
2025-06-25,128.19000244140625,128.32000732421875,127.48999786376953,128.07000732421875,126.98979949951172,1596000
2025-06-26,128.72000122070312,130.50999450683594,128.58999633789062,130.1699981689453,129.0720672607422,973900
2025-06-27,130.1300048828125,130.9600067138672,129.22999572753906,129.7100067138672,128.615966796875,731500
2025-06-30,130.00999450683594,131.69000244140625,129.9199981689453,131.5500030517578,130.44044494628906,828000
2025-07-01,131.36000061035156,132.42999267578125,131.36000061035156,132.25999450683594,131.14443969726562,517600
2025-07-02,131.58999633789062,131.8800048828125,130.80999755859375,131.1699981689453,130.0636444091797,1452000
2025-07-03,131.5800018310547,132.69000244140625,131.3800048828125,132.63999938964844,131.521240234375,455500
2025-07-07,131.61000061035156,133.36000061035156,131.49000549316406,131.8300018310547,130.71807861328125,735100
2025-07-08,131.75999450683594,132.27000427246094,131.3800048828125,131.75999450683594,130.64866638183594,758800
2025-07-09,132.22000122070312,132.7899932861328,131.89999389648438,132.42999267578125,131.31300354003906,1541700
2025-07-10,132.33999633789062,133.83999633789062,132.19000244140625,133.2899932861328,132.16575622558594,1887500
2025-07-11,132.63999938964844,132.77999877929688,131.25,131.75999450683594,130.64866638183594,942000
2025-07-14,131.5800018310547,131.88999938964844,131.16000366210938,131.82000732421875,130.70816040039062,1684500
2025-07-15,132.02999877929688,132.10000610351562,130.4600067138672,130.63999938964844,129.53811645507812,986200
2025-07-16,130.6699981689453,132.02000427246094,130.52999877929688,131.99000549316406,130.87672424316406,744500
2025-07-17,131.2899932861328,133.0800018310547,130.8000030517578,133.02000427246094,131.89804077148438,920800
2025-07-18,133.64999389648438,133.66000366210938,132.42999267578125,132.80999755859375,131.68980407714844,475400
2025-07-21,133.17999267578125,133.67999267578125,132.94000244140625,133.61000061035156,132.48306274414062,3336000
2025-07-22,133.33999633789062,133.55999755859375,132.8000030517578,133.14999389648438,132.0269317626953,1804200
2025-07-23,133.55999755859375,134.25999450683594,133.32000732421875,134.2100067138672,133.0780029296875,4205000
2025-07-24,132.74000549316406,133.11000061035156,131.92999267578125,132.02000427246094,132.02000427246094,937300
2025-07-25,131.17999267578125,132.10000610351562,130.94000244140625,132.0500030517578,132.0500030517578,677700
2025-07-28,131.67999267578125,131.82000732421875,130.3000030517578,130.4499969482422,130.4499969482422,589900
2025-07-29,130.27000427246094,130.35000610351562,129.0800018310547,129.6999969482422,129.6999969482422,908400
2025-07-30,129.41000366210938,130.07000732421875,128.88999938964844,129.38999938964844,129.38999938964844,714000
2025-07-31,129.19000244140625,129.5399932861328,128.13999938964844,128.4600067138672,128.4600067138672,1050800
2025-08-01,127.91999816894531,128.8699951171875,127.37999725341797,128.61000061035156,128.61000061035156,1246400
2025-08-04,129.0399932861328,130.00999450683594,129.0399932861328,129.9199981689453,129.9199981689453,386400
2025-08-05,129.0500030517578,130.86000061035156,128.9499969482422,130.72999572753906,130.72999572753906,715200
2025-08-06,131.47000122070312,132.3000030517578,131.05999755859375,132.2100067138672,132.2100067138672,834900
2025-08-07,132.74000549316406,133.02000427246094,132.02999877929688,132.44000244140625,132.44000244140625,912300
2025-08-08,132.80999755859375,133.14999389648438,132.27000427246094,132.60000610351562,132.60000610351562,1848600
2025-08-11,132.50999450683594,133.75,132.50999450683594,133.42999267578125,133.42999267578125,1887300
2025-08-12,133.8300018310547,135.08999633789062,133.66000366210938,134.8000030517578,134.8000030517578,875000
2025-08-13,135.44000244140625,136.00999450683594,135.35000610351562,135.91000366210938,135.91000366210938,2295500
2025-08-14,135.27000427246094,136.58999633789062,135.0399932861328,136.58999633789062,136.58999633789062,1349300
2025-08-15,136.8800048828125,137.25,136.32000732421875,136.42999267578125,136.42999267578125,772000
2025-08-18,136.25,136.58999633789062,136.0399932861328,136.39999389648438,136.39999389648438,595100
2025-08-19,136.02999877929688,136.60000610351562,135.9499969482422,136.32000732421875,136.32000732421875,676400
2025-08-20,136.27999877929688,136.77999877929688,136.1300048828125,136.49000549316406,136.49000549316406,615900
2025-08-21,136.1300048828125,136.7899932861328,135.9199981689453,136.1999969482422,136.1999969482422,766600
2025-08-22,136.42999267578125,138.33999633789062,135.97000122070312,137.8800048828125,137.8800048828125,700800
2025-08-25,137.77999877929688,137.77999877929688,136.2100067138672,136.22999572753906,136.22999572753906,845700
2025-08-26,136.25,137.6999969482422,136.10000610351562,137.67999267578125,137.67999267578125,1387800
2025-08-27,141.5,147.63999938964844,141.3699951171875,145.25999450683594,145.25999450683594,3183400
2025-08-28,145.58999633789062,146.3300018310547,144.42999267578125,145.85000610351562,145.85000610351562,1115200
2025-08-29,145.55999755859375,145.9499969482422,144.9199981689453,145.36000061035156,145.36000061035156,858700
2025-09-02,143.80999755859375,144.99000549316406,143.1999969482422,144.75,144.75,1014300
2025-09-03,145.0,145.66000366210938,144.72000122070312,145.63999938964844,145.63999938964844,653600
2025-09-04,146.02999877929688,146.3000030517578,145.19000244140625,145.80999755859375,145.80999755859375,577200
2025-09-05,145.92999267578125,146.5,143.97000122070312,144.49000549316406,144.49000549316406,975000
2025-09-08,145.0500030517578,145.3300018310547,144.1699981689453,144.61000061035156,144.61000061035156,1063000
2025-09-09,144.3300018310547,144.9600067138672,143.94000244140625,143.99000549316406,143.99000549316406,749300
2025-09-10,144.07000732421875,144.67999267578125,143.97000122070312,144.13999938964844,144.13999938964844,765600
2025-09-11,144.5500030517578,145.2100067138672,144.27999877929688,145.1300048828125,145.1300048828125,635900
2025-09-12,144.8800048828125,144.9499969482422,144.0,144.13999938964844,144.13999938964844,585400
2025-09-15,144.50999450683594,145.4199981689453,144.0399932861328,145.38999938964844,145.38999938964844,800800
2025-09-16,145.39999389648438,146.5,145.17999267578125,146.0399932861328,146.0399932861328,830200
2025-09-17,146.6199951171875,146.9499969482422,145.72000122070312,146.33999633789062,146.33999633789062,1139600
2025-09-18,145.99000549316406,146.66000366210938,145.5399932861328,146.16000366210938,146.16000366210938,790800
2025-09-19,146.52000427246094,147.5399932861328,146.19000244140625,147.25999450683594,147.25999450683594,943000
2025-09-22,147.61000061035156,148.80999755859375,147.2100067138672,148.60000610351562,148.60000610351562,971400
2025-09-23,148.72999572753906,149.25999450683594,148.0500030517578,148.0500030517578,148.0500030517578,836800
2025-09-24,147.6699981689453,148.3300018310547,146.99000549316406,147.27999877929688,147.27999877929688,776200
2025-09-25,146.60000610351562,147.08999633789062,145.86000061035156,146.22999572753906,146.22999572753906,991200
2025-09-26,146.66000366210938,146.74000549316406,145.91000366210938,146.11000061035156,146.11000061035156,687400
2025-09-29,146.3800048828125,147.66000366210938,146.32000732421875,146.9600067138672,146.9600067138672,1079100
2025-09-30,147.0500030517578,147.47000122070312,145.91000366210938,147.32000732421875,147.32000732421875,797100
2025-10-01,147.16000366210938,148.0,147.0500030517578,147.1999969482422,147.1999969482422,803400
2025-10-02,147.5,147.5,145.7899932861328,146.4199981689453,146.4199981689453,585000
2025-10-03,146.5500030517578,147.1699981689453,146.4199981689453,146.9600067138672,146.9600067138672,723800
2025-10-06,147.1999969482422,147.47000122070312,145.91000366210938,147.02999877929688,147.02999877929688,1041100
2025-10-07,146.85000610351562,147.1999969482422,145.86000061035156,145.8699951171875,145.8699951171875,1034800
2025-10-08,146.35000610351562,146.47000122070312,144.74000549316406,145.0399932861328,145.0399932861328,875600
2025-10-09,145.32000732421875,145.55999755859375,144.66000366210938,145.25999450683594,145.25999450683594,1260600
2025-10-10,145.99000549316406,146.2899932861328,143.52000427246094,143.63999938964844,143.63999938964844,1216300
2025-10-13,144.41000366210938,144.9199981689453,143.97000122070312,144.5800018310547,144.5800018310547,508100
2025-10-14,143.72000122070312,145.75,143.1300048828125,145.44000244140625,145.44000244140625,689600
2025-10-15,145.69000244140625,146.94000244140625,145.57000732421875,146.77999877929688,146.77999877929688,1152400
2025-10-16,146.8000030517578,147.3000030517578,144.69000244140625,145.30999755859375,145.30999755859375,1357800
2025-10-17,144.58999633789062,146.10000610351562,144.2899932861328,145.7899932861328,145.7899932861328,1401800
2025-10-20,145.57000732421875,147.3699951171875,145.57000732421875,146.94000244140625,146.94000244140625,1288700
2025-10-21,147.19000244140625,147.5399932861328,146.5,146.60000610351562,146.60000610351562,2129700
2025-10-22,146.60000610351562,147.1699981689453,146.36000061035156,146.8000030517578,146.8000030517578,535200
2025-10-23,146.92999267578125,147.74000549316406,146.75,147.47000122070312,147.47000122070312,559100
2025-10-24,147.58999633789062,148.16000366210938,147.25999450683594,147.77999877929688,147.77999877929688,3877200
2025-10-27,146.92999267578125,148.30999755859375,146.0,148.22999572753906,148.22999572753906,1842100
2025-10-28,148.36000061035156,149.44000244140625,147.6199951171875,149.0500030517578,149.0500030517578,1076200
2025-10-29,149.0500030517578,149.25,146.3699951171875,146.69000244140625,146.69000244140625,612900
2025-10-30,146.47000122070312,147.1199951171875,145.36000061035156,145.89999389648438,145.89999389648438,1234900
2025-10-31,145.47000122070312,146.75999450683594,145.07000732421875,146.5,146.5,744400
2025-11-03,146.11000061035156,147.74000549316406,145.6999969482422,147.41000366210938,147.41000366210938,633400
2025-11-04,146.05999755859375,146.8800048828125,145.3300018310547,145.77000427246094,145.77000427246094,965500
2025-11-05,145.22999572753906,145.8800048828125,144.75999450683594,145.66000366210938,145.66000366210938,823200
2025-11-06,145.85000610351562,145.99000549316406,144.6699981689453,145.41000366210938,145.41000366210938,568800
2025-11-07,145.4499969482422,145.5,143.3800048828125,145.4600067138672,145.4600067138672,1082800
2025-11-10,145.99000549316406,147.02999877929688,145.67999267578125,146.88999938964844,146.88999938964844,2461500
2025-11-11,147.0,148.16000366210938,147.0,147.72000122070312,147.72000122070312,988200
2025-11-12,147.77999877929688,149.02000427246094,146.91000366210938,148.97000122070312,148.97000122070312,812700
2025-11-13,148.57000732421875,149.22000122070312,145.85000610351562,146.77000427246094,146.77000427246094,810100
2025-11-14,146.0,146.55999755859375,144.55999755859375,146.55999755859375,146.55999755859375,2137500
2025-11-17,147.02000427246094,148.27000427246094,146.44000244140625,147.1300048828125,147.1300048828125,1729000
2025-11-18,146.77000427246094,149.3699951171875,145.7100067138672,149.11000061035156,149.11000061035156,1680600
2025-11-19,148.47000122070312,149.0,147.3300018310547,148.27000427246094,148.27000427246094,866000
2025-11-20,146.77000427246094,150.0399932861328,146.75999450683594,147.35000610351562,147.35000610351562,1618900
2025-11-21,148.2899932861328,150.25,147.4499969482422,149.99000549316406,149.99000549316406,1532400
2025-11-24,150.27000427246094,150.85000610351562,149.1300048828125,149.7100067138672,149.7100067138672,1008200
2025-11-25,150.32000732421875,152.7899932861328,150.00999450683594,152.22000122070312,152.22000122070312,879000
2025-11-26,152.5500030517578,153.25999450683594,152.39999389648438,153.19000244140625,153.19000244140625,787700
2025-11-28,154.0,154.63999938964844,153.24000549316406,154.08999633789062,154.08999633789062,374300
2025-12-01,154.02999877929688,154.42999267578125,152.55999755859375,152.88999938964844,152.88999938964844,953600
2025-12-02,153.16000366210938,155.1199951171875,152.50999450683594,154.42999267578125,154.42999267578125,1459100
2025-12-03,155.5399932861328,157.97999572753906,154.5,156.67999267578125,156.67999267578125,1327200
2025-12-04,158.5800018310547,161.5399932861328,157.63999938964844,160.55999755859375,160.55999755859375,1471100
2025-12-05,161.16000366210938,162.9600067138672,160.91000366210938,162.47999572753906,162.47999572753906,1062100
2025-12-08,162.91000366210938,163.77000427246094,162.5500030517578,163.38999938964844,163.38999938964844,2317000
2025-12-09,163.5399932861328,164.35000610351562,163.13999938964844,163.1999969482422,163.1999969482422,1109500
2025-12-10,163.47000122070312,165.82000732421875,163.13999938964844,165.13999938964844,165.13999938964844,821900
2025-12-11,166.5399932861328,167.2100067138672,165.11000061035156,167.02000427246094,167.02000427246094,1232200
2025-12-12,167.3000030517578,167.91000366210938,165.4499969482422,165.86000061035156,165.86000061035156,1585900
2025-12-15,165.72000122070312,167.77999877929688,165.6199951171875,167.08999633789062,167.08999633789062,1006400
2025-12-16,167.16000366210938,167.35000610351562,165.9499969482422,166.3699951171875,166.3699951171875,929100
2025-12-17,166.47000122070312,166.82000732421875,164.57000732421875,165.2899932861328,165.2899932861328,883200
2025-12-18,165.88999938964844,168.14999389648438,165.88999938964844,167.13999938964844,167.13999938964844,1050200
2025-12-19,168.0,169.88999938964844,167.6300048828125,168.74000549316406,168.74000549316406,1022400
2025-12-22,169.2899932861328,170.47999572753906,168.4600067138672,169.8300018310547,169.8300018310547,724100
2025-12-23,170.08999633789062,171.19000244140625,169.6999969482422,170.91000366210938,170.91000366210938,545200
2025-12-24,171.1300048828125,171.83999633789062,170.6300048828125,171.1999969482422,171.1999969482422,697900
2025-12-26,171.8000030517578,171.8000030517578,170.75,171.50999450683594,171.50999450683594,306200
2025-12-29,170.97000122070312,172.3800048828125,170.92999267578125,171.74000549316406,171.74000549316406,659300
2025-12-30,171.77999877929688,172.3699951171875,171.44000244140625,171.58999633789062,171.58999633789062,695400
2025-12-31,171.5800018310547,171.5800018310547,170.49000549316406,170.49000549316406,170.49000549316406,729700
2026-01-02,171.24000549316406,171.24000549316406,169.97000122070312,170.77999877929688,170.77999877929688,671200
2026-01-05,170.5800018310547,173.1999969482422,170.55999755859375,173.11000061035156,173.11000061035156,1021100
2026-01-06,173.52000427246094,174.61000061035156,170.3699951171875,170.4199981689453,170.4199981689453,1115500
2026-01-07,170.27000427246094,170.67999267578125,168.9199981689453,169.16000366210938,169.16000366210938,594300
2026-01-08,168.83999633789062,170.77999877929688,168.72999572753906,169.5500030517578,169.5500030517578,591800
2026-01-09,169.49000549316406,170.1199951171875,168.8000030517578,169.19000244140625,169.19000244140625,859800
2026-01-12,168.80999755859375,169.69000244140625,168.3000030517578,169.64999389648438,169.64999389648438,2863700
2026-01-13,170.1300048828125,170.13999938964844,167.82000732421875,168.94000244140625,168.94000244140625,2126800
2026-01-14,168.66000366210938,169.0500030517578,167.5,168.60000610351562,168.60000610351562,739300
2026-01-15,168.7100067138672,169.44000244140625,168.58999633789062,169.3300018310547,169.3300018310547,539700
2026-01-16,168.8800048828125,169.42999267578125,168.55999755859375,169.17999267578125,169.17999267578125,1971400
2026-01-20,169.4600067138672,169.66000366210938,167.33999633789062,167.44000244140625,167.44000244140625,1286400
2026-01-21,168.1999969482422,168.9199981689453,166.14999389648438,168.0,168.0,1150000
2026-01-22,168.61000061035156,169.5500030517578,168.1199951171875,168.86000061035156,168.86000061035156,779600
2026-01-23,168.9199981689453,169.94000244140625,168.0500030517578,169.72000122070312,169.72000122070312,6532000
2026-01-26,168.6199951171875,169.32000732421875,166.6300048828125,167.32000732421875,167.32000732421875,2382000
2026-01-27,167.77999877929688,169.1999969482422,167.4499969482422,168.83999633789062,168.83999633789062,1355100
2026-01-28,168.66000366210938,168.7899932861328,164.9499969482422,166.5800018310547,166.5800018310547,1704600
2026-01-29,167.36000061035156,168.9199981689453,166.57000732421875,168.77999877929688,168.77999877929688,1607100
2026-01-30,167.74000549316406,168.50999450683594,165.33999633789062,166.22999572753906,166.22999572753906,966000
2026-02-02,166.0500030517578,168.9499969482422,165.77999877929688,168.61000061035156,168.61000061035156,755700
2026-02-03,168.61000061035156,170.74000549316406,168.1199951171875,170.55999755859375,170.55999755859375,1243700
2026-02-04,170.85000610351562,171.5500030517578,169.57000732421875,170.02000427246094,170.02000427246094,1737200
2026-02-05,169.0,170.72000122070312,167.86000061035156,168.83999633789062,168.83999633789062,1100500
2026-02-06,170.1699981689453,171.1699981689453,169.67999267578125,170.39999389648438,170.39999389648438,1124100
2026-02-09,171.61000061035156,174.2899932861328,171.49000549316406,174.16000366210938,174.16000366210938,794100
2026-02-10,174.8300018310547,176.19000244140625,174.5399932861328,175.4600067138672,175.4600067138672,835900
2026-02-11,176.0,176.0500030517578,172.69000244140625,172.9499969482422,172.9499969482422,3006400
2026-02-12,173.25,174.5500030517578,168.61000061035156,169.35000610351562,169.35000610351562,2561800
2026-02-13,168.6999969482422,169.83999633789062,167.3000030517578,169.47000122070312,169.47000122070312,1503400
2026-02-17,168.6999969482422,170.11000061035156,168.07000732421875,169.41000366210938,169.41000366210938,1416800
2026-02-18,169.94000244140625,171.27999877929688,169.94000244140625,170.75,170.75,959200
2026-02-19,170.6999969482422,170.8800048828125,169.10000610351562,170.6999969482422,170.6999969482422,452800
2026-02-20,171.0,172.52000427246094,170.25999450683594,172.47000122070312,172.47000122070312,1002500
2026-02-23,172.58999633789062,173.5500030517578,169.5500030517578,170.58999633789062,170.58999633789062,1340600
2026-02-24,169.99000549316406,170.8699951171875,168.6300048828125,170.64999389648438,170.64999389648438,973400
2026-02-25,171.05999755859375,174.83999633789062,171.00999450683594,173.63999938964844,173.63999938964844,1252600
2026-02-26,173.33999633789062,173.33999633789062,168.5,169.8300018310547,169.8300018310547,1701100
2026-02-27,169.88999938964844,170.92999267578125,166.17999267578125,167.22999572753906,167.22999572753906,2485400
2026-03-02,164.5,168.92999267578125,163.5500030517578,168.6199951171875,168.6199951171875,1055700
2026-03-03,165.14999389648438,167.11000061035156,163.5500030517578,165.89999389648438,165.89999389648438,992600
2026-03-04,167.6699981689453,167.6699981689453,165.3300018310547,165.9499969482422,165.9499969482422,1150300
2026-03-05,165.14999389648438,166.32000732421875,163.1699981689453,164.41000366210938,164.41000366210938,1371700
2026-03-06,162.5399932861328,164.19000244140625,161.30999755859375,163.52000427246094,163.52000427246094,1174400
2026-03-09,161.61000061035156,164.3000030517578,160.6699981689453,163.44000244140625,163.44000244140625,1446700
2026-03-10,164.30999755859375,167.1699981689453,163.75999450683594,165.41000366210938,165.41000366210938,1255900
2026-03-11,165.49000549316406,166.1199951171875,164.39999389648438,165.0,165.0,1157200
2026-03-12,164.00999450683594,164.11000061035156,162.30999755859375,162.97000122070312,162.97000122070312,913100
2026-03-13,163.0,164.0500030517578,160.9600067138672,161.25999450683594,161.25999450683594,876400
2026-03-16,162.8800048828125,164.7899932861328,162.75,163.8800048828125,163.8800048828125,1088100
2026-03-17,164.8000030517578,165.41000366210938,164.08999633789062,164.22000122070312,164.22000122070312,1988400
2026-03-18,163.74000549316406,164.92999267578125,162.1300048828125,162.35000610351562,162.35000610351562,2350600
2026-03-19,161.44000244140625,161.60000610351562,159.83999633789062,160.3300018310547,160.3300018310547,1276400
2026-03-20,160.32000732421875,161.02999877929688,158.2100067138672,159.1999969482422,159.1999969482422,1330300
2026-03-23,160.52000427246094,163.27000427246094,160.39999389648438,161.82000732421875,161.82000732421875,1402200
2026-03-24,160.60000610351562,162.60000610351562,159.9499969482422,162.11000061035156,162.11000061035156,1332200
2026-03-25,163.75999450683594,163.75999450683594,161.52000427246094,162.5,162.5,1720400
2026-03-26,161.1300048828125,162.75999450683594,160.0399932861328,160.19000244140625,160.19000244140625,784035
